user,user_address,timestamp,title,side,outcome,price,size,slug,eventSlug,proxyWallet,asset,conditionId,transactionHash
user_W1,0x5f211a24da4c005d9438a1ea269673b85ed0b376,14/03/2026 05:22:09,Will the highest temperature in Atlanta be 72°F or higher on March 15?,BUY,Yes,0.76,49.0,highest-temperature-in-atlanta-on-march-15-2026-72forhigher,highest-temperature-in-atlanta-on-march-15-2026,0x5f211a24da4c005d9438a1ea269673b85ed0b376,103411648565854799055755572097097862371288291017035871059631208868036486074239,0x02c795ff200ab431a892dfda4232aec3818f9c505a97d258786d803fb871626b,0x9f1274358cbeb2ecfb20c4c781e4959558d62253f021b6ec38fc9d7a71f6910d
user_W1,0x5f211a24da4c005d9438a1ea269673b85ed0b376,14/03/2026 05:08:37,Will the highest temperature in Buenos Aires be 32°C or higher on March 15?,BUY,Yes,0.77,30.0,highest-temperature-in-buenos-aires-on-march-15-2026-32corhigher,highest-temperature-in-buenos-aires-on-march-15-2026,0x5f211a24da4c005d9438a1ea269673b85ed0b376,3951577870503827810188898185701819982368263761979593053850021234798636542158,0xd3a746dca7d72f04f76a97670c519a2b8d842eb7ea2bdaec99fb011d7d2284bd,0x58362de8ee8cbb9587a3f425eba4badacc6a3e4d0f9946f8f767e3eb4703934f
user_W1,0x5f211a24da4c005d9438a1ea269673b85ed0b376,13/03/2026 16:38:25,Will the highest temperature in Miami be between 86-87°F on March 14?,SELL,Yes,0.018,5.0,highest-temperature-in-miami-on-march-14-2026-86-87f,highest-temperature-in-miami-on-march-14-2026,0x5f211a24da4c005d9438a1ea269673b85ed0b376,9439032584159204186457079518765569854831584385501046740595317002775790682191,0xdc28a8bd473bec82bf6695eea1b1c992b5fc6d87757110258f08f1ca26db5786,0xe031f9be9770311922f235ef95f94bfc6e599bfe578b3c5bb64a85c10df03497
user_W1,0x5f211a24da4c005d9438a1ea269673b85ed0b376,13/03/2026 16:37:13,Will the highest temperature in New York City be between 52-53°F on March 14?,BUY,Yes,0.15,20.0,highest-temperature-in-nyc-on-march-14-2026-52-53f,highest-temperature-in-nyc-on-march-14-2026,0x5f211a24da4c005d9438a1ea269673b85ed0b376,70101012286753621422540293878673973314408528582679845728676489887860172935765,0xa260fb28feebced3be100c2f8fc7ed1671b97faf36ee58a41ee61c73ed441d91,0x55b1247c96120cd5c45a1944128a8996958ed27a31745de75b32b1d505ad76c5
user_W1,0x5f211a24da4c005d9438a1ea269673b85ed0b376,13/03/2026 14:08:19,Will the highest temperature in Buenos Aires be 30°C on March 14?,SELL,Yes,0.1,23.0,highest-temperature-in-buenos-aires-on-march-14-2026-30c,highest-temperature-in-buenos-aires-on-march-14-2026,0x5f211a24da4c005d9438a1ea269673b85ed0b376,83607248249915167114401488627193024663630769689766778632344209080889745724075,0x4d705da95550e6b18bab4ce7bf082965e1e288705c05c1927a5b8bd55169476b,0x6eae713b0d317777f6d29366e9869768d8a64e9114ed8ee9d1ed5cd30b79c1cd
user_W1,0x5f211a24da4c005d9438a1ea269673b85ed0b376,13/03/2026 10:38:11,Will the highest temperature in Lucknow be 37°C on March 14?,BUY,Yes,0.023,15.0,highest-temperature-in-lucknow-on-march-14-2026-37c,highest-temperature-in-lucknow-on-march-14-2026,0x5f211a24da4c005d9438a1ea269673b85ed0b376,64510489112592901201125472202602062774242645944825772393998640302814998139239,0x53345ed5eadcf341763ef78c239131568de10d704b81602c4d5b2479ed688c8c,0xd8eca971a61e10a90beb2e75a74ed89f35553439fc5966ba907dbfe62521f3a8
user_W1,0x5f211a24da4c005d9438a1ea269673b85ed0b376,12/03/2026 19:52:17,Will the highest temperature in Chicago be 43°F or below on March 13?,BUY,Yes,0.11,10.0,highest-temperature-in-chicago-on-march-13-2026-43forbelow,highest-temperature-in-chicago-on-march-13-2026,0x5f211a24da4c005d9438a1ea269673b85ed0b376,66418101990055054047555352829308631022345308551112061788206338275077868720226,0xc28bdf0e87c4435449bafb4bd8f1d6a65904a4efa1a768d0a32f22e8ae851035,0xf884a660c415a34e7422ea552115e4dbe26fe980190006479f61ef9edb16d5ed
user_W1,0x5f211a24da4c005d9438a1ea269673b85ed0b376,12/03/2026 15:07:43,Will the highest temperature in London be 9°C on March 13?,SELL,Yes,0.038,47.0,highest-temperature-in-london-on-march-13-2026-9c,highest-temperature-in-london-on-march-13-2026,0x5f211a24da4c005d9438a1ea269673b85ed0b376,46755388004346222758306070210854817639352545455189470713397339152089368382201,0xd61a871522d845624ca75d5b0205a916a35fb8e9e45a64f2129967390ae9de50,0x40d9957d636c099ca37b7e40abbff7594c041fccc4f319f8d6e54599c4aec339
user_W1,0x5f211a24da4c005d9438a1ea269673b85ed0b376,12/03/2026 05:52:23,Will the highest temperature in London be 11°C on March 13?,BUY,Yes,0.21,11.0,highest-temperature-in-london-on-march-13-2026-11c,highest-temperature-in-london-on-march-13-2026,0x5f211a24da4c005d9438a1ea269673b85ed0b376,96959164332385575310584071248970776682137101771586466045978387709601251066790,0x6835f93703534ae1885dc1543b44f994a9e2cb4d19e50e9eeba4dec1b9a9a237,0x5abf04393a616bb6d663aea56b1dae57dc6205351b90ff1df4a026e4d93b3398
user_W1,0x5f211a24da4c005d9438a1ea269673b85ed0b376,11/03/2026 21:23:23,Will the highest temperature in New York City be 60°F or higher on March 12?,SELL,Yes,0.86,11.06,highest-temperature-in-nyc-on-march-12-2026-60forhigher,highest-temperature-in-nyc-on-march-12-2026,0x5f211a24da4c005d9438a1ea269673b85ed0b376,55373024098688917737089120424232321533192296642182073633721409287509952155453,0x6d6eac9170a5d719a3639a33ec277b578dc52fb7c753c19e36ecd4ff64f7fbd4,0xfde91996160c92b641c8b326145d8bfcffc3626e917633d148a664682857760e
user_W1,0x5f211a24da4c005d9438a1ea269673b85ed0b376,11/03/2026 17:21:47,Will the highest temperature in Miami be between 82-83°F on March 13?,BUY,Yes,0.37,5.35,highest-temperature-in-miami-on-march-13-2026-82-83f,highest-temperature-in-miami-on-march-13-2026,0x5f211a24da4c005d9438a1ea269673b85ed0b376,95581934783804781485692188252378393482117292211544744220997166120625699323338,0x273f7132314761bd6942824a614c4dabf1d125e0c5cb29efc90a78c3a091151a,0x434161b3b816623658d5806d544c70eddd75109b01cbef6bee6a3d649fe4bb62
user_W1,0x5f211a24da4c005d9438a1ea269673b85ed0b376,11/03/2026 11:07:13,Will the highest temperature in London be 12°C on March 12?,SELL,Yes,0.42,49.0,highest-temperature-in-london-on-march-12-2026-12c,highest-temperature-in-london-on-march-12-2026,0x5f211a24da4c005d9438a1ea269673b85ed0b376,79701139800448367931962996596381419586608568467298776402785567473377749299978,0xb50f0052da0089805792c82caef66556a6c59c73997a94197928f60648981717,0xc146f5d422d8dd4e8e0e078eefbd09c7ff8323a4e73e6fdd108e98ef083973a6
user_W1,0x5f211a24da4c005d9438a1ea269673b85ed0b376,11/03/2026 07:08:01,Will the highest temperature in Dallas be 74°F or higher on March 11?,BUY,Yes,0.69,6.0,highest-temperature-in-dallas-on-march-11-2026-74forhigher,highest-temperature-in-dallas-on-march-11-2026,0x5f211a24da4c005d9438a1ea269673b85ed0b376,69507452286541424904237628884411000379323528255664657027200356020368083864665,0x4e0b96ecc36274a25071486580fc8e5886884720950f8abd3f64ac8438c51f34,0x5f6aafa99c38f248508eb3343f750e1beb6883c74bd964041844d571ef32d723
user_W1,0x5f211a24da4c005d9438a1ea269673b85ed0b376,11/03/2026 07:07:25,Will the highest temperature in Atlanta be 86°F or higher on March 11?,BUY,Yes,0.032,9.0,highest-temperature-in-atlanta-on-march-11-2026-86forhigher,highest-temperature-in-atlanta-on-march-11-2026,0x5f211a24da4c005d9438a1ea269673b85ed0b376,62003421478766738897859305980635288010542112646979692726205984313004174324440,0x58f2cd6e6f2cca30800bebe82e1939e3d3ef26ec81b717c8d12b7ecc18f807c2,0x01effe726578b7dc79099678e8a2521e95f39c91fc8fe6bac6e5cfef6d3c3263
user_W1,0x5f211a24da4c005d9438a1ea269673b85ed0b376,11/03/2026 03:37:45,Will the highest temperature in Seattle be between 52-53°F on March 12?,BUY,Yes,0.061,38.0,highest-temperature-in-seattle-on-march-12-2026-52-53f,highest-temperature-in-seattle-on-march-12-2026,0x5f211a24da4c005d9438a1ea269673b85ed0b376,96240738256283197693239237178373257968136731713527156521114288467559788120514,0xaafd14580d6900a6ddf5fb5f8b5727cc71b1fe7739176af5e607cef5ff0a6e57,0x62a4b6c09492780d63136568704c65b7d09409db5e8f61309057a1ad7fbe4ff9
user_W1,0x5f211a24da4c005d9438a1ea269673b85ed0b376,10/03/2026 21:37:47,Will the highest temperature in Wellington be 19°C on March 12?,BUY,Yes,0.17,9.99,highest-temperature-in-wellington-on-march-12-2026-19c,highest-temperature-in-wellington-on-march-12-2026,0x5f211a24da4c005d9438a1ea269673b85ed0b376,76467193828863492953828117870274726583576951786733539192477092748420088698431,0x6b4e9d1f8ea6a4e7b12fc616395441bc2a95262645abd4b1b7db52b84a685746,0xecca6bb0851bd651113b37ca2b181b94021d9330d9331b5c0244810abde00f15
user_W1,0x5f211a24da4c005d9438a1ea269673b85ed0b376,10/03/2026 21:37:13,Will the highest temperature in Ankara be 11°C on March 11?,BUY,Yes,0.02,10.2,highest-temperature-in-ankara-on-march-11-2026-11c,highest-temperature-in-ankara-on-march-11-2026,0x5f211a24da4c005d9438a1ea269673b85ed0b376,83793599525869334894785430464425199333623437071078063491660813064957762928378,0x2bcca5ec4261f65a9e999eb74e59498a1f342865b4818a20bbabd79648bf423e,0x3525b23de1f16f18cf8d38f5b4b7f10caa3b7b0135e1d71b006157845e3ee014
user_W1,0x5f211a24da4c005d9438a1ea269673b85ed0b376,10/03/2026 20:38:57,"Another 7.0 or above earthquake by May 31, 2026?",BUY,Yes,0.955,7.9,another-7pt0-or-above-earthquake-by-may-31-2026,another-7pt0-or-above-earthquake-by-648,0x5f211a24da4c005d9438a1ea269673b85ed0b376,111523195272443509528590049873442802128624571957788227198181138369791141671870,0x2276631122775125d384d5e2ce32bd35a61c886523c8a3f92209fd58169a7c93,0x16051ed71f3a29b44fdf9f286440a7946ed6494c5b1e592a9972596906e1dcb5
user_W1,0x5f211a24da4c005d9438a1ea269673b85ed0b376,10/03/2026 20:24:01,"Another 7.0 or above earthquake by May 31, 2026?",BUY,Yes,0.957,5.15,another-7pt0-or-above-earthquake-by-may-31-2026,another-7pt0-or-above-earthquake-by-648,0x5f211a24da4c005d9438a1ea269673b85ed0b376,111523195272443509528590049873442802128624571957788227198181138369791141671870,0x2276631122775125d384d5e2ce32bd35a61c886523c8a3f92209fd58169a7c93,0x900627bca03de8fd01e70be9b0917d2def2be6238471f43a6907250d9b57220e
user_W1,0x5f211a24da4c005d9438a1ea269673b85ed0b376,10/03/2026 20:23:59,"Another 7.0 or above earthquake by May 31, 2026?",BUY,Yes,0.955,5.0,another-7pt0-or-above-earthquake-by-may-31-2026,another-7pt0-or-above-earthquake-by-648,0x5f211a24da4c005d9438a1ea269673b85ed0b376,111523195272443509528590049873442802128624571957788227198181138369791141671870,0x2276631122775125d384d5e2ce32bd35a61c886523c8a3f92209fd58169a7c93,0xbee5a808908d7e995f1e42de0c6e9bfb873476fbb1f6d8dd1d6d723cb6463923
user_W1,0x5f211a24da4c005d9438a1ea269673b85ed0b376,10/03/2026 20:23:59,"Another 7.0 or above earthquake by May 31, 2026?",BUY,Yes,0.952,5.65,another-7pt0-or-above-earthquake-by-may-31-2026,another-7pt0-or-above-earthquake-by-648,0x5f211a24da4c005d9438a1ea269673b85ed0b376,111523195272443509528590049873442802128624571957788227198181138369791141671870,0x2276631122775125d384d5e2ce32bd35a61c886523c8a3f92209fd58169a7c93,0xb6e45c7bcbc535bda62a02937ef614d45f691b61765262176c48ea7f0b87c650
user_W1,0x5f211a24da4c005d9438a1ea269673b85ed0b376,10/03/2026 20:08:53,"Another 7.0 or above earthquake by May 31, 2026?",BUY,Yes,0.952,6.28,another-7pt0-or-above-earthquake-by-may-31-2026,another-7pt0-or-above-earthquake-by-648,0x5f211a24da4c005d9438a1ea269673b85ed0b376,111523195272443509528590049873442802128624571957788227198181138369791141671870,0x2276631122775125d384d5e2ce32bd35a61c886523c8a3f92209fd58169a7c93,0x7d69b5dbf166faf8e0d1ca2bc9fca502ff6c021cbdc2c08e069114f9e09b3f61
user_W1,0x5f211a24da4c005d9438a1ea269673b85ed0b376,10/03/2026 20:08:53,"Another 7.0 or above earthquake by May 31, 2026?",BUY,Yes,0.953,25.31,another-7pt0-or-above-earthquake-by-may-31-2026,another-7pt0-or-above-earthquake-by-648,0x5f211a24da4c005d9438a1ea269673b85ed0b376,111523195272443509528590049873442802128624571957788227198181138369791141671870,0x2276631122775125d384d5e2ce32bd35a61c886523c8a3f92209fd58169a7c93,0xf19a4e167b997f2f34753a76e83c0cf51967639fea46f727d5f6bb7954e0d4c1
user_W1,0x5f211a24da4c005d9438a1ea269673b85ed0b376,10/03/2026 19:54:07,"Another 7.0 or above earthquake by May 31, 2026?",BUY,Yes,0.95,46.73,another-7pt0-or-above-earthquake-by-may-31-2026,another-7pt0-or-above-earthquake-by-648,0x5f211a24da4c005d9438a1ea269673b85ed0b376,111523195272443509528590049873442802128624571957788227198181138369791141671870,0x2276631122775125d384d5e2ce32bd35a61c886523c8a3f92209fd58169a7c93,0x2959f37e30c0810726c146914765eb4bb617a7409c70c757656293f7cd92a51b
user_W1,0x5f211a24da4c005d9438a1ea269673b85ed0b376,10/03/2026 19:54:07,"Another 7.0 or above earthquake by May 31, 2026?",BUY,Yes,0.949,6.97,another-7pt0-or-above-earthquake-by-may-31-2026,another-7pt0-or-above-earthquake-by-648,0x5f211a24da4c005d9438a1ea269673b85ed0b376,111523195272443509528590049873442802128624571957788227198181138369791141671870,0x2276631122775125d384d5e2ce32bd35a61c886523c8a3f92209fd58169a7c93,0xd66f1dcf10b66b83e13999791d2c3918e9e04bec74a5b92b49023feb983bc27a
user_W1,0x5f211a24da4c005d9438a1ea269673b85ed0b376,10/03/2026 10:53:05,Will there be exactly 1 earthquake of magnitude 6.5 or higher worldwide by March 15?,SELL,Yes,0.33,30.0,will-there-be-exactly-1-earthquake-of-magnitude-6pt5-or-higher-worldwide-by-march-15,how-many-6pt5-or-above-earthquakes-march-9-march-15,0x5f211a24da4c005d9438a1ea269673b85ed0b376,69517970795835864131904858938166138229663555054680186365816093289228619901902,0x713bbf64d1b17b7d2dc946d291dd965d5a6b1e643a1ded5784089332678299bc,0x50c96d067ac2dced3ff358d88f7c882e5034959908c5df78787d02373563e612
user_W1,0x5f211a24da4c005d9438a1ea269673b85ed0b376,10/03/2026 07:38:25,"Another 7.0 or above earthquake by May 31, 2026?",BUY,Yes,0.957,8.1,another-7pt0-or-above-earthquake-by-may-31-2026,another-7pt0-or-above-earthquake-by-648,0x5f211a24da4c005d9438a1ea269673b85ed0b376,111523195272443509528590049873442802128624571957788227198181138369791141671870,0x2276631122775125d384d5e2ce32bd35a61c886523c8a3f92209fd58169a7c93,0x5b802594e297b2fffc293959e4623fb615382b22a161b6d35cc01b75309e13c9
user_W1,0x5f211a24da4c005d9438a1ea269673b85ed0b376,10/03/2026 07:08:25,"Another 7.0 or above earthquake by May 31, 2026?",BUY,Yes,0.954,34.0,another-7pt0-or-above-earthquake-by-may-31-2026,another-7pt0-or-above-earthquake-by-648,0x5f211a24da4c005d9438a1ea269673b85ed0b376,111523195272443509528590049873442802128624571957788227198181138369791141671870,0x2276631122775125d384d5e2ce32bd35a61c886523c8a3f92209fd58169a7c93,0x716831c8ec23aa648e26cdabcc2bafaf66685945fed11d502f301ef0e4410cba
user_W1,0x5f211a24da4c005d9438a1ea269673b85ed0b376,10/03/2026 06:23:11,Will the highest temperature in Seattle be between 44-45°F on March 10?,BUY,Yes,0.57,8.0,highest-temperature-in-seattle-on-march-10-2026-44-45f,highest-temperature-in-seattle-on-march-10-2026,0x5f211a24da4c005d9438a1ea269673b85ed0b376,40536697640489912849829727377415872015999108870105595995698920824208106610930,0xb8675593ddf19797716527eb7a19e06789cc94d8938a0fcaaa062afe37e378e2,0x513ee1f33a51c15d1dbae7bd0fba7977f54ca8fe1305e9483bc4046b279b6028
user_W1,0x5f211a24da4c005d9438a1ea269673b85ed0b376,09/03/2026 23:23:23,Will the highest temperature in Seattle be between 46-47°F on March 10?,BUY,Yes,0.19,5.0,highest-temperature-in-seattle-on-march-10-2026-46-47f,highest-temperature-in-seattle-on-march-10-2026,0x5f211a24da4c005d9438a1ea269673b85ed0b376,85943124028482081804935245282774847951301868436807248833676411863520978243805,0x614e5ead76ebd78e417f7e6880ee440d1d3c8900eb1b4a406c0bdfb3f3393d05,0x4285106cc8e988351e50ab4df9180545e2dd7bae704743f2a96b614a78ed28dc
user_W1,0x5f211a24da4c005d9438a1ea269673b85ed0b376,09/03/2026 20:37:07,Will the highest temperature in Ankara be 11°C on March 11?,BUY,Yes,0.025,16.0,highest-temperature-in-ankara-on-march-11-2026-11c,highest-temperature-in-ankara-on-march-11-2026,0x5f211a24da4c005d9438a1ea269673b85ed0b376,83793599525869334894785430464425199333623437071078063491660813064957762928378,0x2bcca5ec4261f65a9e999eb74e59498a1f342865b4818a20bbabd79648bf423e,0x6acb20564c7e437b864f44bc3b364a06be6cbc451a0db5cb01442989abcdeb01
user_W1,0x5f211a24da4c005d9438a1ea269673b85ed0b376,09/03/2026 19:07:27,Will the highest temperature in New York City be between 62-63°F on March 10?,BUY,Yes,0.05,5.26,highest-temperature-in-nyc-on-march-10-2026-62-63f,highest-temperature-in-nyc-on-march-10-2026,0x5f211a24da4c005d9438a1ea269673b85ed0b376,84796735797412121871514712288254460274406410048770897565328623263219314550084,0x1b30c38b17742aa451a373da0cd157c8d2785c636362f2e86d5184fb299fa8bf,0x4f1747a5817c8e94778934fa35fa7bf507083930bef344da99cb9bb857cbd325
user_W1,0x5f211a24da4c005d9438a1ea269673b85ed0b376,09/03/2026 18:52:27,Will the highest temperature in New York City be between 64-65°F on March 10?,BUY,Yes,0.18,9.07,highest-temperature-in-nyc-on-march-10-2026-64-65f,highest-temperature-in-nyc-on-march-10-2026,0x5f211a24da4c005d9438a1ea269673b85ed0b376,112820994695044993441130046737657330520835153022177365967915396214548453769317,0x66e0d437bcfde3513978ba7770c0d90ca222a51d6858731cd6ec7f4632c1b39a,0x20121cf1466086d8f2ad6c3bb620b0c7cfa2a51c6e51846daba04ae2bf5a04ed
user_W1,0x5f211a24da4c005d9438a1ea269673b85ed0b376,09/03/2026 18:06:49,Elon Musk trillionaire before 2027?,BUY,No,0.40929,50.0,elon-musk-trillionaire-before-2027,elon-musk-trillionaire-before-2027,0x5f211a24da4c005d9438a1ea269673b85ed0b376,94515481374808157569050494497609656759614074907275956934536589215029723063622,0x0f3ae5d23882fb840762fd35de11fc31b0fbdc9e41e8666cdfae9d627f93f517,0xffe4f38c41f04819997eaa3642440b85a4fa3d2d25a2611a09541c1cdac8e60e
user_W1,0x5f211a24da4c005d9438a1ea269673b85ed0b376,09/03/2026 18:06:49,Elon Musk trillionaire before 2027?,BUY,No,0.463185595567867,18.05,elon-musk-trillionaire-before-2027,elon-musk-trillionaire-before-2027,0x5f211a24da4c005d9438a1ea269673b85ed0b376,94515481374808157569050494497609656759614074907275956934536589215029723063622,0x0f3ae5d23882fb840762fd35de11fc31b0fbdc9e41e8666cdfae9d627f93f517,0xf4abe8332fa7744ee27057f0ffac079cdcc0e469eb007299114570fe9bd4004c
user_W1,0x5f211a24da4c005d9438a1ea269673b85ed0b376,09/03/2026 18:06:49,Elon Musk trillionaire before 2027?,BUY,No,0.43,18.05,elon-musk-trillionaire-before-2027,elon-musk-trillionaire-before-2027,0x5f211a24da4c005d9438a1ea269673b85ed0b376,94515481374808157569050494497609656759614074907275956934536589215029723063622,0x0f3ae5d23882fb840762fd35de11fc31b0fbdc9e41e8666cdfae9d627f93f517,0x513c6758a8f542e946ec6c8f26209f4af930f38d1623666954d4c59da66651b5
user_W1,0x5f211a24da4c005d9438a1ea269673b85ed0b376,09/03/2026 18:06:49,Elon Musk trillionaire before 2027?,BUY,No,0.43,18.05,elon-musk-trillionaire-before-2027,elon-musk-trillionaire-before-2027,0x5f211a24da4c005d9438a1ea269673b85ed0b376,94515481374808157569050494497609656759614074907275956934536589215029723063622,0x0f3ae5d23882fb840762fd35de11fc31b0fbdc9e41e8666cdfae9d627f93f517,0x8726248b8d8173f82137a73f428bed33100ac4bdfdf401ba8528bda6692c06b0
user_W1,0x5f211a24da4c005d9438a1ea269673b85ed0b376,09/03/2026 18:06:49,Elon Musk trillionaire before 2027?,BUY,No,0.440225955967555,34.52,elon-musk-trillionaire-before-2027,elon-musk-trillionaire-before-2027,0x5f211a24da4c005d9438a1ea269673b85ed0b376,94515481374808157569050494497609656759614074907275956934536589215029723063622,0x0f3ae5d23882fb840762fd35de11fc31b0fbdc9e41e8666cdfae9d627f93f517,0xae18d0a506cf2fd5ac67cc3def74e615a8b3956edc87feb31cdf8ca38749567b
user_W1,0x5f211a24da4c005d9438a1ea269673b85ed0b376,09/03/2026 18:06:47,Elon Musk trillionaire before 2027?,BUY,No,0.39,33.04,elon-musk-trillionaire-before-2027,elon-musk-trillionaire-before-2027,0x5f211a24da4c005d9438a1ea269673b85ed0b376,94515481374808157569050494497609656759614074907275956934536589215029723063622,0x0f3ae5d23882fb840762fd35de11fc31b0fbdc9e41e8666cdfae9d627f93f517,0xf0e654fe517909a29fc50944852205811d51af59d6b62443b673eb767e592c3c
user_W1,0x5f211a24da4c005d9438a1ea269673b85ed0b376,09/03/2026 18:06:47,Elon Musk trillionaire before 2027?,BUY,No,0.39,10.0,elon-musk-trillionaire-before-2027,elon-musk-trillionaire-before-2027,0x5f211a24da4c005d9438a1ea269673b85ed0b376,94515481374808157569050494497609656759614074907275956934536589215029723063622,0x0f3ae5d23882fb840762fd35de11fc31b0fbdc9e41e8666cdfae9d627f93f517,0x9e74f2f4dd4fdbb150158475d51f6bc9d0cebf1675423b9fa8700d0aa98a46db
user_W1,0x5f211a24da4c005d9438a1ea269673b85ed0b376,09/03/2026 18:06:47,Elon Musk trillionaire before 2027?,BUY,No,0.38,18.05,elon-musk-trillionaire-before-2027,elon-musk-trillionaire-before-2027,0x5f211a24da4c005d9438a1ea269673b85ed0b376,94515481374808157569050494497609656759614074907275956934536589215029723063622,0x0f3ae5d23882fb840762fd35de11fc31b0fbdc9e41e8666cdfae9d627f93f517,0xcc71bf38acf9a9e2c117ae2119ca44177ff774a37a96ed9d16f8afdabb75bbe9
user_W1,0x5f211a24da4c005d9438a1ea269673b85ed0b376,09/03/2026 18:06:47,Elon Musk trillionaire before 2027?,BUY,No,0.37,10.0,elon-musk-trillionaire-before-2027,elon-musk-trillionaire-before-2027,0x5f211a24da4c005d9438a1ea269673b85ed0b376,94515481374808157569050494497609656759614074907275956934536589215029723063622,0x0f3ae5d23882fb840762fd35de11fc31b0fbdc9e41e8666cdfae9d627f93f517,0xe0e2ed0127800d7120ccb2a3215cd81fa17da6f4bb88b6a35850be9c5d7820ce
user_W1,0x5f211a24da4c005d9438a1ea269673b85ed0b376,09/03/2026 18:06:47,Elon Musk trillionaire before 2027?,BUY,No,0.36,167.05,elon-musk-trillionaire-before-2027,elon-musk-trillionaire-before-2027,0x5f211a24da4c005d9438a1ea269673b85ed0b376,94515481374808157569050494497609656759614074907275956934536589215029723063622,0x0f3ae5d23882fb840762fd35de11fc31b0fbdc9e41e8666cdfae9d627f93f517,0xc7a94b129c48b395e5014c0bab94b1b8ee315d9a23f4d873ca974328f2f671b0
user_W1,0x5f211a24da4c005d9438a1ea269673b85ed0b376,09/03/2026 16:38:41,9.0 or above earthquake before 2027?,BUY,No,0.91,100.0,9pt0-or-above-earthquake-before-2027,9pt0-or-above-earthquake-before-2027,0x5f211a24da4c005d9438a1ea269673b85ed0b376,48034741162414911677683690294521484296674889000564444056948845787306275984919,0x234cb84f9e92194f93c6df4990e7e52c6948ec4d61400cd2dd74018ad2448152,0xd9761511c28a012963d722fc291dbad0973d2a263ee90eee01bf21b731f17584
user_W1,0x5f211a24da4c005d9438a1ea269673b85ed0b376,09/03/2026 16:36:53,Elon Musk trillionaire before 2027?,BUY,No,0.33,17.7,elon-musk-trillionaire-before-2027,elon-musk-trillionaire-before-2027,0x5f211a24da4c005d9438a1ea269673b85ed0b376,94515481374808157569050494497609656759614074907275956934536589215029723063622,0x0f3ae5d23882fb840762fd35de11fc31b0fbdc9e41e8666cdfae9d627f93f517,0x3865169c8fcee26e93fc53b77cac28c58ebf0172dd5fc3cd6b87aea9da9e77ae
user_W1,0x5f211a24da4c005d9438a1ea269673b85ed0b376,09/03/2026 16:36:53,Elon Musk trillionaire before 2027?,BUY,No,0.34,110.81,elon-musk-trillionaire-before-2027,elon-musk-trillionaire-before-2027,0x5f211a24da4c005d9438a1ea269673b85ed0b376,94515481374808157569050494497609656759614074907275956934536589215029723063622,0x0f3ae5d23882fb840762fd35de11fc31b0fbdc9e41e8666cdfae9d627f93f517,0x974200087b182898cc7953f53f3f543b6975bebd6df8d3f85f72ec74ff4f3e82
user_W1,0x5f211a24da4c005d9438a1ea269673b85ed0b376,09/03/2026 16:36:53,Elon Musk trillionaire before 2027?,BUY,No,0.37,12.5,elon-musk-trillionaire-before-2027,elon-musk-trillionaire-before-2027,0x5f211a24da4c005d9438a1ea269673b85ed0b376,94515481374808157569050494497609656759614074907275956934536589215029723063622,0x0f3ae5d23882fb840762fd35de11fc31b0fbdc9e41e8666cdfae9d627f93f517,0xd9d17f529c001020ac16f24b3e08997d176782d2703140edf88124e3cc42f055
user_W1,0x5f211a24da4c005d9438a1ea269673b85ed0b376,09/03/2026 16:36:53,Elon Musk trillionaire before 2027?,BUY,No,0.38,29.5,elon-musk-trillionaire-before-2027,elon-musk-trillionaire-before-2027,0x5f211a24da4c005d9438a1ea269673b85ed0b376,94515481374808157569050494497609656759614074907275956934536589215029723063622,0x0f3ae5d23882fb840762fd35de11fc31b0fbdc9e41e8666cdfae9d627f93f517,0xf2a55ca35bbad202b14fdf3c9eeff9765844eaa2024bad308d0e33a9d44dcfde
user_W1,0x5f211a24da4c005d9438a1ea269673b85ed0b376,09/03/2026 16:36:53,Elon Musk trillionaire before 2027?,BUY,No,0.4,22.5,elon-musk-trillionaire-before-2027,elon-musk-trillionaire-before-2027,0x5f211a24da4c005d9438a1ea269673b85ed0b376,94515481374808157569050494497609656759614074907275956934536589215029723063622,0x0f3ae5d23882fb840762fd35de11fc31b0fbdc9e41e8666cdfae9d627f93f517,0xc01c7a965c380abf0357b603bb818cf595ea110c16b65947f34b1f0244d76d37
user_W1,0x5f211a24da4c005d9438a1ea269673b85ed0b376,09/03/2026 16:36:53,Elon Musk trillionaire before 2027?,BUY,No,0.3917175881616727,135.83,elon-musk-trillionaire-before-2027,elon-musk-trillionaire-before-2027,0x5f211a24da4c005d9438a1ea269673b85ed0b376,94515481374808157569050494497609656759614074907275956934536589215029723063622,0x0f3ae5d23882fb840762fd35de11fc31b0fbdc9e41e8666cdfae9d627f93f517,0x0849387d10e3b9fd2095a8d727ec33e0b50539bf579f4d6df9f27d19cdda1a08
user_W1,0x5f211a24da4c005d9438a1ea269673b85ed0b376,09/03/2026 16:36:53,Elon Musk trillionaire before 2027?,BUY,No,0.4,10.0,elon-musk-trillionaire-before-2027,elon-musk-trillionaire-before-2027,0x5f211a24da4c005d9438a1ea269673b85ed0b376,94515481374808157569050494497609656759614074907275956934536589215029723063622,0x0f3ae5d23882fb840762fd35de11fc31b0fbdc9e41e8666cdfae9d627f93f517,0xf21a8096ac0d173b0add1c3160da01e528735666001b8c1331e8daeb568a6892
user_W1,0x5f211a24da4c005d9438a1ea269673b85ed0b376,09/03/2026 16:36:53,Elon Musk trillionaire before 2027?,BUY,No,0.35,56.17,elon-musk-trillionaire-before-2027,elon-musk-trillionaire-before-2027,0x5f211a24da4c005d9438a1ea269673b85ed0b376,94515481374808157569050494497609656759614074907275956934536589215029723063622,0x0f3ae5d23882fb840762fd35de11fc31b0fbdc9e41e8666cdfae9d627f93f517,0xf41bc8550e42ac57960d7ad5102eb29fd017832c9412faa9a2284558f13a7186
user_W1,0x5f211a24da4c005d9438a1ea269673b85ed0b376,09/03/2026 16:36:53,Elon Musk trillionaire before 2027?,BUY,No,0.38,12.5,elon-musk-trillionaire-before-2027,elon-musk-trillionaire-before-2027,0x5f211a24da4c005d9438a1ea269673b85ed0b376,94515481374808157569050494497609656759614074907275956934536589215029723063622,0x0f3ae5d23882fb840762fd35de11fc31b0fbdc9e41e8666cdfae9d627f93f517,0x0df05f8099c33240198327abfd029004b3d58fc5b26e206d8f733146283288d6
user_W1,0x5f211a24da4c005d9438a1ea269673b85ed0b376,09/03/2026 16:36:53,Elon Musk trillionaire before 2027?,BUY,No,0.4,33.48,elon-musk-trillionaire-before-2027,elon-musk-trillionaire-before-2027,0x5f211a24da4c005d9438a1ea269673b85ed0b376,94515481374808157569050494497609656759614074907275956934536589215029723063622,0x0f3ae5d23882fb840762fd35de11fc31b0fbdc9e41e8666cdfae9d627f93f517,0x3843713a3306b3d69c7465c9b880c7f48eca9555d7a837dc13030738c98cea25
user_W1,0x5f211a24da4c005d9438a1ea269673b85ed0b376,09/03/2026 06:37:29,"Another 7.0 or above earthquake by May 31, 2026?",BUY,Yes,0.957,35.0,another-7pt0-or-above-earthquake-by-may-31-2026,another-7pt0-or-above-earthquake-by-648,0x5f211a24da4c005d9438a1ea269673b85ed0b376,111523195272443509528590049873442802128624571957788227198181138369791141671870,0x2276631122775125d384d5e2ce32bd35a61c886523c8a3f92209fd58169a7c93,0x7b1159838668a478da8949706da0f51ed6c6553f2b6f3422e3986cde11ef4a4f
user_W1,0x5f211a24da4c005d9438a1ea269673b85ed0b376,09/03/2026 04:21:51,Will the highest temperature in Miami be between 82-83°F on March 9?,SELL,Yes,0.4,55.0,highest-temperature-in-miami-on-march-9-2026-82-83f,highest-temperature-in-miami-on-march-9-2026,0x5f211a24da4c005d9438a1ea269673b85ed0b376,65970341340362777823689617016366065289167883574775786712349094506142663441077,0x8a05b73b0546ae9e22e5aad9486de76e8218b429d7131261d33ac49f1b3d43e7,0x54bdbe9c68438b7ef759f6e1dd38bc88d5b710a018fab63cfe749b7d23cf4000
user_W1,0x5f211a24da4c005d9438a1ea269673b85ed0b376,09/03/2026 02:07:59,"Another 7.0 or above earthquake by April 30, 2026?",BUY,Yes,0.89,6.34,another-7pt0-or-above-earthquake-by-april-30-2026,another-7pt0-or-above-earthquake-by-648,0x5f211a24da4c005d9438a1ea269673b85ed0b376,90333418833663507979396240989780381246369866417098586969896770172924545078049,0xa8f80c8e8ca060436b60aa03d66fe40a5e0437b18a43cf0a0d6798f09c7f054b,0x1ff21403c42d7f60f472d137fcc6c7e9d80ee2d2a16887ffe1275592401b9c86
user_W1,0x5f211a24da4c005d9438a1ea269673b85ed0b376,09/03/2026 01:53:03,"Another 7.0 or above earthquake by April 30, 2026?",BUY,Yes,0.89,12.68,another-7pt0-or-above-earthquake-by-april-30-2026,another-7pt0-or-above-earthquake-by-648,0x5f211a24da4c005d9438a1ea269673b85ed0b376,90333418833663507979396240989780381246369866417098586969896770172924545078049,0xa8f80c8e8ca060436b60aa03d66fe40a5e0437b18a43cf0a0d6798f09c7f054b,0x92ae6ce0796028ce6586cffdfbcee0dc131e0fc1f850ad1f31bc59717b276c5a
user_W1,0x5f211a24da4c005d9438a1ea269673b85ed0b376,09/03/2026 01:38:01,"Another 7.0 or above earthquake by April 30, 2026?",BUY,Yes,0.89,25.34,another-7pt0-or-above-earthquake-by-april-30-2026,another-7pt0-or-above-earthquake-by-648,0x5f211a24da4c005d9438a1ea269673b85ed0b376,90333418833663507979396240989780381246369866417098586969896770172924545078049,0xa8f80c8e8ca060436b60aa03d66fe40a5e0437b18a43cf0a0d6798f09c7f054b,0x04b3b8969dd7db565b0ae6142473437fbf9307bf8e60c293af6146ff5d79cecd
user_W1,0x5f211a24da4c005d9438a1ea269673b85ed0b376,09/03/2026 01:23:01,"Another 7.0 or above earthquake by April 30, 2026?",BUY,Yes,0.89,35.0,another-7pt0-or-above-earthquake-by-april-30-2026,another-7pt0-or-above-earthquake-by-648,0x5f211a24da4c005d9438a1ea269673b85ed0b376,90333418833663507979396240989780381246369866417098586969896770172924545078049,0xa8f80c8e8ca060436b60aa03d66fe40a5e0437b18a43cf0a0d6798f09c7f054b,0xca291e8e4063639799490e0f91eab45141b8ea92e31d58720cc3fc5f9afc10b6
user_W1,0x5f211a24da4c005d9438a1ea269673b85ed0b376,08/03/2026 21:52:29,Will the highest temperature in London be 16°C on March 9?,BUY,Yes,0.21,5.0,highest-temperature-in-london-on-march-9-2026-16c,highest-temperature-in-london-on-march-9-2026,0x5f211a24da4c005d9438a1ea269673b85ed0b376,39471483299379192569487862707899760186234179356392502129748675296744015323201,0xe891f6925f7cf88f824fc3915ba2affebe153cf09b36f8303018eabe0e4ff3a1,0x7c89ed64ff7037e117115ac59a6467162032de0a5a2c19c3282bdbd42e87168b
user_W1,0x5f211a24da4c005d9438a1ea269673b85ed0b376,08/03/2026 18:52:29,Will the highest temperature in London be 15°C on March 9?,SELL,Yes,0.33,5.0,highest-temperature-in-london-on-march-9-2026-15c,highest-temperature-in-london-on-march-9-2026,0x5f211a24da4c005d9438a1ea269673b85ed0b376,41797282093713147500203135265422023180999536508514044161450255498678701480240,0x8ddebd97e0484d8e3daa41e62bd15a535f13699751a52249243f71263d3ffc45,0xbb5344ae0768e8fc4f6a49f88f1e10abc2de5766edda49d4ee7aba6d143466e7
user_W1,0x5f211a24da4c005d9438a1ea269673b85ed0b376,08/03/2026 15:08:21,Will the highest temperature in Toronto be 14°C on March 9?,BUY,Yes,0.08,6.36,highest-temperature-in-toronto-on-march-9-2026-14c,highest-temperature-in-toronto-on-march-9-2026,0x5f211a24da4c005d9438a1ea269673b85ed0b376,109680342905205810194455403351825599739554761202835936649351188684998107531299,0x0a4b96ce98689d76acfca5d225c31fd054d89d450571635783ace53d47130776,0xc530aa240a9014ecd59dd71b6dc5f1be164c012531165c6582a3cea906620cc7
user_W1,0x5f211a24da4c005d9438a1ea269673b85ed0b376,08/03/2026 11:36:43,Will the highest temperature in New York City be between 62-63°F on March 9?,BUY,Yes,0.2,6.46,highest-temperature-in-nyc-on-march-9-2026-62-63f,highest-temperature-in-nyc-on-march-9-2026,0x5f211a24da4c005d9438a1ea269673b85ed0b376,22841904132615723774775265571143543883129591307003846085428286779809876976915,0x3d25519a0416395b0c206c415d87c3e8eee8ebbabeff455851d72d019ab0a3fb,0xb0b1bfce38b2ca0acc4a57703b0b5b156a90a772c21b5ec2e6974f4385a1afb4
user_W1,0x5f211a24da4c005d9438a1ea269673b85ed0b376,07/03/2026 13:53:05,Will the highest temperature in Munich be 18°C or higher on March 8?,SELL,Yes,0.021,28.0,highest-temperature-in-munich-on-march-8-2026-18corhigher,highest-temperature-in-munich-on-march-8-2026,0x5f211a24da4c005d9438a1ea269673b85ed0b376,11291760599830519291188806989814273340404828222723094634391638496707912755775,0x1c72cd35d5e8e301e0da5010ab9d6be011ef88d16cc026752e1b69d4a649d183,0x6030c10ff970b39cead84fe75401f9f27cdb262c39bdb02e51e844f0e660f55b
user_W1,0x5f211a24da4c005d9438a1ea269673b85ed0b376,07/03/2026 00:39:13,Will the highest temperature in Seoul be 7°C on March 8?,SELL,Yes,0.08,10.0,highest-temperature-in-seoul-on-march-8-2026-7c,highest-temperature-in-seoul-on-march-8-2026,0x5f211a24da4c005d9438a1ea269673b85ed0b376,94638873990466064019004513165651942677042378550296558331015640613950157756446,0x86aab4f7d815a8c5368c7199971142a848f4f0ceaa0c262e2552e1d406169743,0x537fa130af984f40f5696682fb7b0052688100961ee44d10902c8b6c445a71b7
user_W1,0x5f211a24da4c005d9438a1ea269673b85ed0b376,06/03/2026 22:54:05,Will the highest temperature in London be 15°C on March 8?,BUY,Yes,0.06,8.0,highest-temperature-in-london-on-march-8-2026-15c,highest-temperature-in-london-on-march-8-2026,0x5f211a24da4c005d9438a1ea269673b85ed0b376,57663149700783596390748932958425133979097969902368624669656192956908574258848,0x612546cf40e7d47fe089e5f84c25894c3e2ecdcb4ed36a50cfb505a3abc3847a,0xfe67c76480f93972e34626a304dacf3b7e405ef1a110f3e23067a71ea5c94412
user_W1,0x5f211a24da4c005d9438a1ea269673b85ed0b376,06/03/2026 22:09:09,Will the highest temperature in Seoul be 4°C on March 8?,BUY,Yes,0.19,9.9,highest-temperature-in-seoul-on-march-8-2026-4c,highest-temperature-in-seoul-on-march-8-2026,0x5f211a24da4c005d9438a1ea269673b85ed0b376,15134040728118622522903579471509672927838063806542864648346115306013175246596,0x4aaf7d59b6a0e3198a679b2c9d5c6ca7cdc05ed1d74dbe34dc87847a8ee00a42,0xa8b5d53618d5b47395decf361fcf72ec57c1e83e7472019a2b36cb61ac7cbb2e
user_W1,0x5f211a24da4c005d9438a1ea269673b85ed0b376,06/03/2026 20:22:07,Will the highest temperature in Paris be 20°C on March 8?,BUY,Yes,0.08,17.3,highest-temperature-in-paris-on-march-8-2026-20c,highest-temperature-in-paris-on-march-8-2026,0x5f211a24da4c005d9438a1ea269673b85ed0b376,56273468931902845881766287288170976105424027751083488368540941575483397493077,0x04c4d541311c2254c7570568c0a33ee8f9cad6101e4e77bc0332a08ab4ae5284,0xfb9e8e837d0435399a688a71245df3a8dfb86cff898f7a68fd955f9714d1194e
user_W1,0x5f211a24da4c005d9438a1ea269673b85ed0b376,06/03/2026 14:09:59,Will the highest temperature in Atlanta be 74°F or higher on March 8?,BUY,Yes,0.25,8.0,highest-temperature-in-atlanta-on-march-8-2026-74forhigher,highest-temperature-in-atlanta-on-march-8-2026,0x5f211a24da4c005d9438a1ea269673b85ed0b376,22512781537419016138376075386541001353773675873259650676021358474916234140178,0x27b37525fb81d2d0e7fc5b19a2b53ab91b5cfa35aff6b66b9791c996d7c744b0,0xf644b858051bcd60bb1541829262b2d1f3243a727ca038c260095353addbe8dd
user_W1,0x5f211a24da4c005d9438a1ea269673b85ed0b376,06/03/2026 12:53:13,Will the highest temperature in Ankara be 6°C on March 8?,BUY,Yes,0.17,8.0,highest-temperature-in-ankara-on-march-8-2026-6c,highest-temperature-in-ankara-on-march-8-2026,0x5f211a24da4c005d9438a1ea269673b85ed0b376,84738517657630821417506277547013255959753233910273029191803810669296616686151,0xddaa5c2baf6141729a2456f61aa8a5dccd88d64ff54d317779e510fd146c9d79,0x77f3749638b3578f0786dc4d052c32e30184d0358050f92e2caaafbfdee267d1
user_W1,0x5f211a24da4c005d9438a1ea269673b85ed0b376,06/03/2026 11:37:47,Will the highest temperature in London be 11°C on March 7?,BUY,Yes,0.32,5.0,highest-temperature-in-london-on-march-7-2026-11c,highest-temperature-in-london-on-march-7-2026,0x5f211a24da4c005d9438a1ea269673b85ed0b376,113298676255201354891571498742206055369418564055435375697180418198031452461245,0x358e877ee06a51f57eb8d9be3d79b057c22d6fb8754efa48ff15a293e8100c33,0x4a2fac53e36ec0bba0f10c30c7d7819e7a2170b6b1b9d06adaff81dfd3b60803
user_W1,0x5f211a24da4c005d9438a1ea269673b85ed0b376,06/03/2026 03:55:05,Megaquake by June 30?,BUY,Yes,0.26,4.25,megaquake-by-june-30,megaquake-by-june-30,0x5f211a24da4c005d9438a1ea269673b85ed0b376,26244119549831204412293063691617590996016705899128364238145634000710346179934,0x63bd6b51d2fd4ddb1a1b9e5a29fd949e52907b0d2dd58dfaa399ce1e9d2939b6,0xcb279b81e5e2c53aa3285940928073d804d3e1eb63fa3d7b2b0a58e4fe0a6dcb
user_W1,0x5f211a24da4c005d9438a1ea269673b85ed0b376,06/03/2026 03:24:07,"Another 7.0 or above earthquake by April 30, 2026?",BUY,Yes,0.89,5.0,another-7pt0-or-above-earthquake-by-april-30-2026,another-7pt0-or-above-earthquake-by-648,0x5f211a24da4c005d9438a1ea269673b85ed0b376,90333418833663507979396240989780381246369866417098586969896770172924545078049,0xa8f80c8e8ca060436b60aa03d66fe40a5e0437b18a43cf0a0d6798f09c7f054b,0x8037a5d60a692418ec55b31df81fa34a43ade02473a73f854431cf216c29502b
user_W1,0x5f211a24da4c005d9438a1ea269673b85ed0b376,06/03/2026 02:53:29,"Another 7.0 or above earthquake by April 30, 2026?",BUY,Yes,0.89,15.0,another-7pt0-or-above-earthquake-by-april-30-2026,another-7pt0-or-above-earthquake-by-648,0x5f211a24da4c005d9438a1ea269673b85ed0b376,90333418833663507979396240989780381246369866417098586969896770172924545078049,0xa8f80c8e8ca060436b60aa03d66fe40a5e0437b18a43cf0a0d6798f09c7f054b,0x1dc7c3061a2534ccaab38311d3fbb9fe077de1e49618f95ebce9c6b3209edc17
user_W1,0x5f211a24da4c005d9438a1ea269673b85ed0b376,06/03/2026 00:39:03,"Another 7.0 or above earthquake by April 30, 2026?",BUY,Yes,0.89,44.3,another-7pt0-or-above-earthquake-by-april-30-2026,another-7pt0-or-above-earthquake-by-648,0x5f211a24da4c005d9438a1ea269673b85ed0b376,90333418833663507979396240989780381246369866417098586969896770172924545078049,0xa8f80c8e8ca060436b60aa03d66fe40a5e0437b18a43cf0a0d6798f09c7f054b,0x012f7f7aff22587acd86bd92ed0a901b716fa3edc391b4918d6ad034f80d28f4
user_W1,0x5f211a24da4c005d9438a1ea269673b85ed0b376,05/03/2026 23:51:53,Will the highest temperature in Seoul be 1°C on March 7?,SELL,Yes,0.017,169.0,highest-temperature-in-seoul-on-march-7-2026-1c,highest-temperature-in-seoul-on-march-7-2026,0x5f211a24da4c005d9438a1ea269673b85ed0b376,111392305605803533497875338947960466988079062221085240655649522431688544024179,0xc5c2684d24dbfc87937abc73297b41286d4d821dd45803ad7ed6c8dec23448bd,0xb5509ea253bbe03bb71608732b555936f955a321b14b63225b38df0d6a6ede63
user_W1,0x5f211a24da4c005d9438a1ea269673b85ed0b376,05/03/2026 14:23:25,Will the highest temperature in Sao Paulo be 31°C on March 6?,BUY,Yes,0.031,16.0,highest-temperature-in-sao-paulo-on-march-6-2026-31c,highest-temperature-in-sao-paulo-on-march-6-2026,0x5f211a24da4c005d9438a1ea269673b85ed0b376,103091226287454985790672648905669470470808239877707159678275038224226334486271,0x38ca24e0c09fac435d1b8052b0ab48eb894f13267df02c4e376c8d0a72af189e,0x8c2d3aa4aa8255c64e092d6f0c75e0fe3f240d04a5dd6fd2f00c58125b6526ac
user_W1,0x5f211a24da4c005d9438a1ea269673b85ed0b376,05/03/2026 13:08:23,Will the highest temperature in Sao Paulo be 31°C on March 6?,BUY,Yes,0.031,16.0,highest-temperature-in-sao-paulo-on-march-6-2026-31c,highest-temperature-in-sao-paulo-on-march-6-2026,0x5f211a24da4c005d9438a1ea269673b85ed0b376,103091226287454985790672648905669470470808239877707159678275038224226334486271,0x38ca24e0c09fac435d1b8052b0ab48eb894f13267df02c4e376c8d0a72af189e,0x90874f770c286c8efa18503e8940404a95fc821d83d3988850c21d73a4c1340b
user_W1,0x5f211a24da4c005d9438a1ea269673b85ed0b376,05/03/2026 10:53:03,Will the highest temperature in Dallas be between 80-81°F on March 6?,BUY,Yes,0.21,8.0,highest-temperature-in-dallas-on-march-6-2026-80-81f,highest-temperature-in-dallas-on-march-6-2026,0x5f211a24da4c005d9438a1ea269673b85ed0b376,114321546959329132915713270940338464942376304394791421732740219388627158964179,0xef4ac7edbbd08658a4e622e2ca86e90de61abcc689a89e7163c6d65d799585a3,0xd5b6aedaa457bda0ba4dc7c8ebb9830ec59182d6d4626b58fcc987aa5c4838d8
user_W1,0x5f211a24da4c005d9438a1ea269673b85ed0b376,05/03/2026 10:08:33,"Another 7.0 or above earthquake by March 31, 2026?",BUY,Yes,0.69,5.23,another-7pt0-or-above-earthquake-by-march-31-2026-224,another-7pt0-or-above-earthquake-by-648,0x5f211a24da4c005d9438a1ea269673b85ed0b376,84131570923974206058669327083756688508875351767903071564338307305892124941287,0x2a51e1c61ad85d8082c4d51dcfbd63e5120bb0cbbfc54df3f589c3566faf8488,0xf8881d599aa9730cf0161bb56697693beb635b882a55fe39816675c375d327dc
user_W1,0x5f211a24da4c005d9438a1ea269673b85ed0b376,05/03/2026 09:53:35,"Another 7.0 or above earthquake by March 31, 2026?",BUY,Yes,0.687,10.46,another-7pt0-or-above-earthquake-by-march-31-2026-224,another-7pt0-or-above-earthquake-by-648,0x5f211a24da4c005d9438a1ea269673b85ed0b376,84131570923974206058669327083756688508875351767903071564338307305892124941287,0x2a51e1c61ad85d8082c4d51dcfbd63e5120bb0cbbfc54df3f589c3566faf8488,0x5492e672ee3876a5f65d78675987f81a55dd835b80144cd1fb63744dc47da379
user_W1,0x5f211a24da4c005d9438a1ea269673b85ed0b376,05/03/2026 08:53:21,"Another 7.0 or above earthquake by March 31, 2026?",BUY,Yes,0.699,20.93,another-7pt0-or-above-earthquake-by-march-31-2026-224,another-7pt0-or-above-earthquake-by-648,0x5f211a24da4c005d9438a1ea269673b85ed0b376,84131570923974206058669327083756688508875351767903071564338307305892124941287,0x2a51e1c61ad85d8082c4d51dcfbd63e5120bb0cbbfc54df3f589c3566faf8488,0xd3841af8a142b7d764ca590173b75b214403805dc61c64fe34f65f68eeb069a9
user_W1,0x5f211a24da4c005d9438a1ea269673b85ed0b376,05/03/2026 06:08:19,"Another 7.0 or above earthquake by March 31, 2026?",BUY,Yes,0.7,16.27,another-7pt0-or-above-earthquake-by-march-31-2026-224,another-7pt0-or-above-earthquake-by-648,0x5f211a24da4c005d9438a1ea269673b85ed0b376,84131570923974206058669327083756688508875351767903071564338307305892124941287,0x2a51e1c61ad85d8082c4d51dcfbd63e5120bb0cbbfc54df3f589c3566faf8488,0xca67b381fcdb61e783a25aa3ac24d5b153569bfcfd6a9ad79dcc2fbf9ac7a6b0
user_W1,0x5f211a24da4c005d9438a1ea269673b85ed0b376,05/03/2026 04:08:21,Will the highest temperature in Dallas be between 84-85°F on March 6?,BUY,Yes,0.06,8.0,highest-temperature-in-dallas-on-march-6-2026-84-85f,highest-temperature-in-dallas-on-march-6-2026,0x5f211a24da4c005d9438a1ea269673b85ed0b376,78745171253005231966632803279302783529101756698583449124298421531725815047381,0x025f2aa3ff8b0f84fad8bec55f72e5ccb1d58a483eb69b453336141f2f9a8ed8,0x3eb78a510c70b3b1a59f53d1f16bca01bb3cfe3037efc3a688fb76bc260c954f
user_W1,0x5f211a24da4c005d9438a1ea269673b85ed0b376,04/03/2026 18:52:59,Will the highest temperature in London be 19°C on March 5?,SELL,Yes,0.07,30.0,highest-temperature-in-london-on-march-5-2026-19c,highest-temperature-in-london-on-march-5-2026,0x5f211a24da4c005d9438a1ea269673b85ed0b376,85702866803234458167464013193694905330102532100131543236302015444214200239098,0xd114aab8ab6798f207202d5cc19fba8b3656eaadf0b54a972e51415f22ab17c6,0xe3bf2f570234ad49c24acda004f33c02d4b3688609e81d90c2f59a708d14855a
user_W1,0x5f211a24da4c005d9438a1ea269673b85ed0b376,04/03/2026 17:24:15,Will the highest temperature in Seoul be 11°C or higher on March 5?,SELL,Yes,0.15,24.0,highest-temperature-in-seoul-on-march-5-2026-11corhigher,highest-temperature-in-seoul-on-march-5-2026,0x5f211a24da4c005d9438a1ea269673b85ed0b376,64017056952859386225861570844936140004460652718586554229746050889382040179677,0xe8f111fa04e80dce8c43d8375d16fd633c105ff5a33796545abccd3e0834a08e,0x57d25750bfcaf424a2e30a36fd9e691fe091f91ccf51596005f2ecbc3902010f
user_W1,0x5f211a24da4c005d9438a1ea269673b85ed0b376,03/03/2026 23:38:39,Will the highest temperature in London be 16°C on March 4?,BUY,Yes,0.38,6.06,highest-temperature-in-london-on-march-4-2026-16c,highest-temperature-in-london-on-march-4-2026,0x5f211a24da4c005d9438a1ea269673b85ed0b376,18698274596894761422978784343207842002461095215722094659603946384492199304031,0x1d73b99af192c433b599cc9a019ed476f8874ac3b2b5ffd9135dc993baa04702,0x6389ffef98238f3699953a81ffc598c205f802bbe873598e005a8a0b47b945c4
user_W1,0x5f211a24da4c005d9438a1ea269673b85ed0b376,03/03/2026 19:51:51,Will the highest temperature in Dallas be between 76-77°F on March 5?,BUY,Yes,0.07,13.1,highest-temperature-in-dallas-on-march-5-2026-76-77f,highest-temperature-in-dallas-on-march-5-2026,0x5f211a24da4c005d9438a1ea269673b85ed0b376,44790205727933131649078078128826450815408696504076822453661923795064957725131,0xe0ef5554ae21f63d7f558910d67255543c1a6286f5f68ca913d2e837a3f0bbd1,0x0bbff456de2136175a37cb8a37d2c55b9b79f9edf356a74fdd391044765cf490
user_W1,0x5f211a24da4c005d9438a1ea269673b85ed0b376,03/03/2026 06:53:05,Will the highest temperature in Dallas be between 80-81°F on March 3?,SELL,Yes,0.07,28.57,highest-temperature-in-dallas-on-march-3-2026-80-81f,highest-temperature-in-dallas-on-march-3-2026,0x5f211a24da4c005d9438a1ea269673b85ed0b376,97972103718341723852623131379149364013942782228231419760713715473198755640980,0x8e623bf0f722de96c92e22ff689c56a51c3843b509d0c7d6d775928e0d7089da,0x6602503d39c99b87fe88336636edd6555450f968ee26861b36f95d643908040b
user_W1,0x5f211a24da4c005d9438a1ea269673b85ed0b376,02/03/2026 22:52:51,Will the highest temperature in Ankara be 13°C on March 3?,SELL,Yes,0.13,10.0,highest-temperature-in-ankara-on-march-3-2026-13c,highest-temperature-in-ankara-on-march-3-2026,0x5f211a24da4c005d9438a1ea269673b85ed0b376,9581667315066118425488518197618805352163577356194584536991083046694254213918,0xba688d7d6e73206ac5f98f98061fe9164df0a52b99ec1df3b977ceb23b191fec,0x74abe089a5652066e60282927a6f48c6712bb1ad222cf02bb996f249021c0c50
user_W1,0x5f211a24da4c005d9438a1ea269673b85ed0b376,02/03/2026 17:38:55,Will the highest temperature in Buenos Aires be 25°C or below on March 3?,SELL,Yes,0.019,30.0,highest-temperature-in-buenos-aires-on-march-3-2026-25corbelow,highest-temperature-in-buenos-aires-on-march-3-2026,0x5f211a24da4c005d9438a1ea269673b85ed0b376,112417599974150329179655221621861946055501779283912690679887085659136408229051,0xb5bec465ef78fd04ed00fc9f2704b661d4634e9d1161ca95098dbc00d705d499,0x86f721567a66357e246a137987dccaa63f0aa2651b1496dbe636ceffe0945c65
user_W1,0x5f211a24da4c005d9438a1ea269673b85ed0b376,02/03/2026 15:54:29,"Another 7.0 or above earthquake by May 31, 2026?",BUY,Yes,0.94,6.01,another-7pt0-or-above-earthquake-by-may-31-2026,another-7pt0-or-above-earthquake-by-648,0x5f211a24da4c005d9438a1ea269673b85ed0b376,111523195272443509528590049873442802128624571957788227198181138369791141671870,0x2276631122775125d384d5e2ce32bd35a61c886523c8a3f92209fd58169a7c93,0xc87e2372c34d1f6a8459e2be7e1dff5e14e88cb565c0aa8d611c32687a7edebc
user_W1,0x5f211a24da4c005d9438a1ea269673b85ed0b376,02/03/2026 15:54:29,"Another 7.0 or above earthquake by May 31, 2026?",BUY,Yes,0.95,100.0,another-7pt0-or-above-earthquake-by-may-31-2026,another-7pt0-or-above-earthquake-by-648,0x5f211a24da4c005d9438a1ea269673b85ed0b376,111523195272443509528590049873442802128624571957788227198181138369791141671870,0x2276631122775125d384d5e2ce32bd35a61c886523c8a3f92209fd58169a7c93,0xea3aae9977580637e8214adca444032785f3ed71726df751f409f1e89752e366
user_W1,0x5f211a24da4c005d9438a1ea269673b85ed0b376,02/03/2026 14:53:25,Will the highest temperature in Paris be 16°C on March 3?,BUY,Yes,0.14,26.56,highest-temperature-in-paris-on-march-3-2026-16c,highest-temperature-in-paris-on-march-3-2026,0x5f211a24da4c005d9438a1ea269673b85ed0b376,31340562114387395661516389319531920302505794805729157615282387801637892160477,0x9462a6ee3d41baef7145bf2c9623a2fc5e0ac3b05ec3ed0a86d6ffe012f18d92,0x2238a65ae6a668a2b57251bc885e9eb6eff2893c175516737606a47d9e4d4d49
user_W1,0x5f211a24da4c005d9438a1ea269673b85ed0b376,02/03/2026 11:16:27,Will the highest temperature in Seattle be 56°F or higher on March 3?,BUY,Yes,0.17,9.0,highest-temperature-in-seattle-on-march-3-2026-56forhigher,highest-temperature-in-seattle-on-march-3-2026,0x5f211a24da4c005d9438a1ea269673b85ed0b376,59551146705019281683222420857180954190204806308720931657723476347153433667996,0x37841ac89ccfb31cd4ea949d54821fb720ded3cb57e8190ecd72f6876682b0ba,0x66be31e980844a648ceb1d62447507bcc6d2caec03e2c1db9a449de1fd5dca5b
user_W1,0x5f211a24da4c005d9438a1ea269673b85ed0b376,02/03/2026 11:16:15,Will the highest temperature in Miami be 73°F or below on March 3?,SELL,Yes,0.003,107.0,highest-temperature-in-miami-on-march-3-2026-73forbelow,highest-temperature-in-miami-on-march-3-2026,0x5f211a24da4c005d9438a1ea269673b85ed0b376,94467938739125473091795200411150077503665096382484616818169766525036107801939,0x74bcfff29d3c3abc79d72f2a6c1604af8b0324b5c47919f0623e49cb9758fe1e,0x28628b637208710442cedb70cf5e9b0f493a52676a65d646b010315d7377d266
user_W1,0x5f211a24da4c005d9438a1ea269673b85ed0b376,02/03/2026 10:45:41,Will the highest temperature in Sao Paulo be 28°C on March 3?,BUY,Yes,0.28,8.0,highest-temperature-in-sao-paulo-on-march-3-2026-28c,highest-temperature-in-sao-paulo-on-march-3-2026,0x5f211a24da4c005d9438a1ea269673b85ed0b376,68583987145601828027286442900212534262311032644166018705642808657756168472374,0x560eaf9ff7249d4267e147cae99dcf9893c178fae3dea71806651a4d226dafad,0xf2a22baba8af760c32f0a6ff1c74d4e58d20837de713ba61c78c8f5f8e1ecbf1
user_W1,0x5f211a24da4c005d9438a1ea269673b85ed0b376,02/03/2026 10:07:31,Major volcano eruption (VEI ≥6) in 2026?,BUY,No,0.92,50.0,major-volcano-eruption-vei-6-in-2026,major-volcano-eruption-vei-6-in-2026,0x5f211a24da4c005d9438a1ea269673b85ed0b376,47242021042634242898271593296081702552506522984095597295031095083693362778303,0x9f66a23ca0d5d66fd89b1b37868ef39885b0f36b6e2c8003bdd8239fd58300b6,0xc8257e4b2bbd6c83da7c178fd3e05451db1f0a435a732d01872edbb7518aef3a
user_W1,0x5f211a24da4c005d9438a1ea269673b85ed0b376,02/03/2026 07:19:59,Will the highest temperature in Seattle be between 50-51°F on March 3?,SELL,Yes,0.25,14.0,highest-temperature-in-seattle-on-march-3-2026-50-51f,highest-temperature-in-seattle-on-march-3-2026,0x5f211a24da4c005d9438a1ea269673b85ed0b376,2312804823162652105724790608823552315400161628113451457433794453619393000454,0x88c3afda173f4f288d880d9d2e7277f3ddb2605c6451af8f54ee5067aadf7047,0x1ec830f0c2748d190509cd69ecd9c8aa5f2372ec82abc62e04b8e70daa9869af
user_W1,0x5f211a24da4c005d9438a1ea269673b85ed0b376,02/03/2026 06:02:59,Major volcano eruption (VEI ≥6) in 2026?,BUY,No,0.92,50.0,major-volcano-eruption-vei-6-in-2026,major-volcano-eruption-vei-6-in-2026,0x5f211a24da4c005d9438a1ea269673b85ed0b376,47242021042634242898271593296081702552506522984095597295031095083693362778303,0x9f66a23ca0d5d66fd89b1b37868ef39885b0f36b6e2c8003bdd8239fd58300b6,0xc0035c4b3e573675b20adb9bb57f3f4cece5ea3580881a6d6722551087fd49f9
user_W1,0x5f211a24da4c005d9438a1ea269673b85ed0b376,02/03/2026 05:02:15,Will the highest temperature in Buenos Aires be 25°C or below on March 3?,BUY,Yes,0.0204347826086956,23.0,highest-temperature-in-buenos-aires-on-march-3-2026-25corbelow,highest-temperature-in-buenos-aires-on-march-3-2026,0x5f211a24da4c005d9438a1ea269673b85ed0b376,112417599974150329179655221621861946055501779283912690679887085659136408229051,0xb5bec465ef78fd04ed00fc9f2704b661d4634e9d1161ca95098dbc00d705d499,0x8e8e846f704a363ad46713afc4e957074e06ae9ba3387e3cbbed56d834026ca6
user_W1,0x5f211a24da4c005d9438a1ea269673b85ed0b376,01/03/2026 20:31:19,Will the highest temperature in Seoul be 8°C on March 3?,BUY,Yes,0.18,10.0,highest-temperature-in-seoul-on-march-3-2026-8c,highest-temperature-in-seoul-on-march-3-2026,0x5f211a24da4c005d9438a1ea269673b85ed0b376,69410875023981217062202878843063305869541489948631563881712616947043307506274,0x744d2593f93500fe08dc7a9439055cd16cf20c92e5ff3de3620bc0f6186eedfb,0xee26b22e8dc9ee6cbbb4371029f9708282f8c929e84ebd063fd0259f03d2adca
user_W1,0x5f211a24da4c005d9438a1ea269673b85ed0b376,01/03/2026 19:01:59,Will the highest temperature in Buenos Aires be 29°C on March 3?,BUY,Yes,0.19,5.0,highest-temperature-in-buenos-aires-on-march-3-2026-29c,highest-temperature-in-buenos-aires-on-march-3-2026,0x5f211a24da4c005d9438a1ea269673b85ed0b376,18328319001864904155418954039412205366935654836260524963795896163196170358906,0x0cd967342239edf745a499cf776dd6c0e778c6d008252352aac0c8156f1e07c0,0xc9d9ff3d5e2b316c5f00cdb0835a89eb5f2df2a6883adb0f65675e7a45ea17a9
user_W1,0x5f211a24da4c005d9438a1ea269673b85ed0b376,01/03/2026 16:31:01,Will the highest temperature in Atlanta be between 62-63°F on March 2?,BUY,Yes,0.09,8.0,highest-temperature-in-atlanta-on-march-2-2026-62-63f,highest-temperature-in-atlanta-on-march-2-2026,0x5f211a24da4c005d9438a1ea269673b85ed0b376,113021353568586140148475305175865495274130416061535821305676600135977230032760,0xeb331994333e3b2f8a3fb8597cea19a6ce25e82c40bcb3fcbcdb3285246758ee,0xb12e03da595090ed2d1dc8fcea1557b076456c181165b72ca50fff950457e773
user_W1,0x5f211a24da4c005d9438a1ea269673b85ed0b376,01/03/2026 15:55:09,Will the highest temperature in Ankara be 13°C or higher on March 2?,SELL,Yes,0.11,8.0,highest-temperature-in-ankara-on-march-2-2026-13corhigher,highest-temperature-in-ankara-on-march-2-2026,0x5f211a24da4c005d9438a1ea269673b85ed0b376,101395981287334206163319992811855581487534538209420600689441412769169178283039,0x15b2bc62b0889fae3ee0ea24970834ecd2c2219b36827c7f1ac7e3e07e12bffb,0xaefcc77afbb9fcefd3286ed75d72657db31b39d72e1b36e542fcea276de8dcae
